,tweet_id,favorite_count,retweet_count
0,892420643555336193,35194,7425
1,892177421306343426,30461,5522
2,891815181378084864,22905,3645
3,891689557279858688,38483,7600
4,891327558926688256,36751,8185
5,891087950875897856,18526,2743
6,890971913173991426,10771,1776
7,890729181411237888,59278,16609
8,890609185150312448,25505,3793
9,890240255349198849,29093,6433
10,890006608113172480,28057,6454
11,889880896479866881,25524,4384
12,889665388333682689,43815,8805
13,889638837579907072,24644,3936
14,889531135344209921,13877,1986
15,889278841981685760,22999,4686
16,888917238123831296,26606,3940
17,888804989199671297,23348,3724
18,888554962724278272,18007,3043
19,888078434458587136,19908,3052
20,887705289381826560,27676,4752
21,887517139158093824,42375,10359
22,887473957103951883,62705,15826
23,887343217045368832,30759,9265
24,887101392804085760,28017,5250
25,886983233522544640,31762,6722
26,886736880519319552,10916,2799
27,886680336477933568,20557,3940
28,886366144734445568,19289,2785
29,886267009285017600,108,3
30,886258384151887873,25557,5564
31,886054160059072513,0,96
32,885984800019947520,29768,5908
33,885528943205470208,32831,5621
34,885518971528720385,18713,3286
35,885311592912609280,0,16281
36,885167619883638784,19996,3847
37,884925521741709313,70241,15889
38,884876753390489601,25405,4914
39,884562892145688576,22204,4134
40,884441805382717440,24780,5017
41,884247878851493888,66208,17870
42,884162670584377345,18648,2633
43,883838122936631299,19962,3011
44,883482846933004288,41844,8690
45,883360690899218434,20733,3237
46,883117836046086144,33885,5844
47,882992080364220416,21821,3410
48,882762694511734784,25804,4296
49,882627270321602560,25623,5341
50,882268110199369728,40934,10207
51,882045870035918850,26787,4283
52,881906580714921986,22268,2995
53,881666595344535552,46310,9404
54,881633300179243008,115,7
55,881536004380872706,45213,14110
56,881268444196462592,21280,4673
57,880935762899988482,15637,2462
58,880872448815771648,19467,3369
59,880465832366813184,26009,5477
60,880221127280381952,24628,3660
61,880095782870896641,25250,3834
62,879862464715927552,20455,3071
63,879674319642796034,287,10
64,879492040517615616,21485,2792
65,879415818425184262,96644,39381
66,879376492567855104,15422,2761
67,879130579576475649,0,6010
68,879050749262655488,20622,4151
69,879008229531029506,17400,2360
70,878776093423087618,17740,3616
71,878604707211726852,27512,6232
72,878404777348136964,0,1124
73,878316110768087041,0,5859
74,878281511006478336,7061,1124
75,878057613040115712,38551,6010
76,877736472329191424,72415,16711
77,877611172832227328,0,70
78,877556246731214848,20800,3361
79,877316821321428993,25142,4599
80,877201837425926144,24835,4912
81,876838120628539392,18969,2945
82,876537666061221889,21794,4155
83,876484053909872640,17231,2090
84,876120275196170240,25689,4120
85,875747767867523072,23024,3770
86,875144289856114688,20120,4343
87,875097192612077568,25194,5395
88,875021211251597312,23426,4178
89,874680097055178752,25545,4103
90,874434818259525634,0,12860
91,874296783580663808,23923,3664
92,874057562936811520,20882,3533
93,874012996292530176,31375,9057
94,873580283840344065,22267,3497
95,873337748698140672,0,1403
96,873213775632977920,6581,1403
97,872967104147763200,25046,4800
98,872820683541237760,13569,3305
99,872620804844003328,19080,3234
100,872486979161796608,37499,8090
101,872122724285648897,31502,7220
102,871879754684805121,34525,9741
103,871762521631449091,18613,3102
104,871515927908634625,18591,3105
105,871166179821445120,0,5104
106,871102520638267392,19288,4927
107,871032628920680449,20975,3401
108,870804317367881728,31007,5532
109,870726314365509632,112,3
110,870656317836468226,11339,2333
111,870374049280663552,76834,23848
112,870308999962521604,20254,3714
113,870063196459192321,33711,7446
114,869772420881756160,39388,9109
115,869702957897576449,26044,5644
116,869596645499047938,14769,2785
117,869227993411051520,18882,3376
118,868880397819494401,60356,12930
119,868639477480148993,0,1852
120,868622495443632128,24601,4740
121,868552278524837888,9317,1852
122,867900495410671616,22433,3771
123,867774946302451713,31499,6601
124,867421006826221569,14888,2243
125,867072653475098625,0,108
126,867051520902168576,29855,7116
127,866720684873056260,18538,4335
128,866686824827068416,17837,3122
129,866450705531457537,113308,31871
130,866334964761202691,48515,12860
131,866094527597207552,0,7568
132,865718153858494464,23867,5096
133,865359393868664832,24572,4532
134,865006731092295680,26048,7014
135,864873206498414592,29972,7875
136,864279568663928832,13578,2721
137,864197398364647424,27837,7995
138,863907417377173506,19194,3764
139,863553081350529029,14203,3805
140,863471782782697472,0,2197
141,863432100342583297,22132,4766
142,863427515083354112,2046,85
143,863079547188785154,8175,1009
144,863062471531167744,7844,2197
145,862831371563274240,17883,4685
146,862722525377298433,15953,3230
147,862457590147678208,19015,4478
148,862096992088072192,69088,21070
149,861383897657036800,33687,9778
150,861288531465048066,16028,3786
151,861005113778896900,15594,3491
152,860981674716409858,0,1954
153,860924035999428608,0,723
154,860563773140209665,6997,1954
155,860524505164394496,22114,4838
156,860276583193509888,17218,3226
157,860184849394610176,15599,5374
158,860177593139703809,0,28322
159,859924526012018688,18366,3771
160,859851578198683649,14487,3235
161,859607811541651456,17476,1418
162,859196978902773760,84114,27684
163,859074603037188101,31672,12553
164,858860390427611136,0,7468
165,858843525470990336,14659,3191
166,858471635011153920,20268,4491
167,858107933456039936,14810,2665
168,857989990357356544,15111,2383
169,857746408056729600,32174,9826
170,857393404942143489,5539,1517
171,857263160327368704,18927,4182
172,857214891891077121,213,17
173,857062103051644929,0,154
174,857029823797047296,17751,3681
175,856543823941562368,15450,2680
176,856526610513747968,11219,1748
177,856330835276025856,0,619
178,856288084350160898,487,15
179,856282028240666624,26225,5838
180,855862651834028034,314,22
181,855860136149123072,4625,900
182,855857698524602368,11250,1958
183,855851453814013952,43419,16858
184,855818117272018944,25259,5058
185,855459453768019968,28199,7672
186,855245323840757760,0,5532
187,855138241867124737,0,40
188,854732716440526848,21576,5667
189,854482394044301312,27711,6378
190,854365224396361728,17951,4383
191,854120357044912130,30395,6968
192,854010172552949760,15452,2949
193,853760880890318849,27195,5409
194,853639147608842240,32967,9382
195,853299958564483072,14761,3337
196,852936405516943360,0,1864
197,852912242202992640,8593,1694
198,852672615818899456,14235,2035
199,852553447878664193,15520,3268
200,852311364735569921,31611,9359
201,852226086759018497,19091,6459
202,852189679701164033,10977,1499
203,851861385021730816,0,19
204,851591660324737024,15576,3273
205,851464819735769094,23210,6677
206,851224888060895234,19819,5444
207,850753642995093505,29449,8571
208,850380195714523136,12574,2459
209,850333567704068097,3314,310
210,850145622816686080,15650,3588
211,850019790995546112,19597,4609
212,849776966551130114,29152,7184
213,849668094696017920,0,4706
214,849412302885593088,15248,2984
215,849336543269576704,10959,1791
216,849051919805034497,40661,8015
217,848690551926992896,24233,4107
218,848324959059550208,23779,4392
219,848213670039564288,7854,681
220,848212111729840128,15699,2871
221,847978865427394560,0,3099
222,847971574464610304,0,419
223,847962785489326080,22647,4822
224,847842811428974592,5225,1254
225,847617282490613760,6731,390
226,847606175596138505,18091,3256
227,847251039262605312,19754,4117
228,847157206088847362,19117,5567
229,847116187444137987,20701,3037
230,846874817362120707,19367,3736
231,846514051647705089,42968,10988
232,846505985330044928,13623,2926
233,846153765933735936,30448,8614
234,846139713627017216,29955,9617
235,846042936437604353,15424,2728
236,845812042753855489,28198,8280
237,845677943972139009,24347,4596
238,845397057150107648,7356,1699
239,845306882940190720,22536,5137
240,845098359547420673,0,7316
241,844979544864018432,13193,2432
242,844973813909606400,14534,3032
243,844580511645339650,15927,2976
244,844223788422217728,13214,2083
245,843981021012017153,14700,2831
246,843856843873095681,20787,4409
247,843604394117681152,16360,2616
248,843235543001513987,20824,5741
249,842846295480000512,14830,3481
250,842765311967449089,6511,1208
251,842535590457499648,17588,3368
252,842163532590374912,23685,5532
253,842115215311396866,13554,2893
254,841833993020538882,0,14396
255,841680585030541313,25026,7521
256,841439858740625411,12240,3519
257,841320156043304961,19221,5298
258,841314665196081154,15361,4454
259,841077006473256960,22191,5104
260,840761248237133825,0,1687
261,840728873075638272,0,15409
262,840698636975636481,171,2
263,840696689258311684,11935,931
264,840632337062862849,8725,1687
265,840370681858686976,15968,4376
266,840268004936019968,18699,5513
267,839990271299457024,13054,2185
268,839549326359670784,26672,7468
269,839290600511926273,0,137
270,839239871831150596,26360,6277
271,838952994649550848,19123,3855
272,838921590096166913,10837,1964
273,838916489579200512,0,33
274,838831947270979586,0,10624
275,838561493054533637,10684,1281
276,838476387338051585,21880,4579
277,838201503651401729,0,9676
278,838150277551247360,1622,318
279,838085839343206401,136,1
280,838083903487373313,17181,3002
281,837820167694528512,33188,7568
282,837482249356513284,3763,427
283,837471256429613056,12472,2181
284,837110210464448512,15645,2282
285,836989968035819520,12431,2228
286,836753516572119041,18879,4490
287,836677758902222849,12322,2149
288,836648853927522308,0,534
289,836397794269200385,0,26592
290,836380477523124226,14430,2893
291,836260088725786625,20802,4166
292,836001077879255040,18615,4125
293,835685285446955009,0,7862
294,835574547218894849,17393,3497
295,835536468978302976,0,1631
296,835309094223372289,0,20261
297,835297930240217089,16102,2899
298,835264098648616962,7533,1631
299,835246439529840640,2056,71
300,835172783151792128,25555,5576
301,835152434251116546,21837,2902
302,834931633769889797,10544,1573
303,834786237630337024,20957,5351
304,834574053763584002,13340,2437
305,834477809192075265,0,10316
306,834458053273591808,9410,1621
307,834209720923721728,20071,4600
308,834167344700198914,15476,3547
309,834089966724603904,9810,2068
310,834086379323871233,12770,2137
311,833863086058651648,13147,2331
312,833826103416520705,17708,3658
313,833732339549220864,0,212
314,833722901757046785,20408,3133
315,833479644947025920,14551,1976
316,833124694597443584,19773,4706
317,832998151111966721,12965,2125
318,832769181346996225,0,38
319,832757312314028032,16497,3511
320,832682457690300417,11618,2827
321,832645525019123713,2864,517
322,832636094638288896,15531,2699
323,832397543355072512,11724,2146
324,832369877331693569,16800,3099
325,832273440279240704,11108,2265
326,832215909146226688,0,6041
327,832215726631055365,0,9055
328,832088576586297345,61,2
329,832040443403784192,0,9308
330,832032802820481025,17493,4534
331,831939777352105988,23473,5960
332,831926988323639298,329,34
333,831911600680497154,26985,6309
334,831670449226514432,10217,1765
335,831650051525054464,6974,1864
336,831552930092285952,8785,2261
337,831322785565769729,9094,1507
338,831315979191906304,6399,1087
339,831309418084069378,11546,2394
340,831262627380748289,11652,1983
341,830956169170665475,7832,1452
342,830583320585068544,65350,16281
343,830173239259324417,0,5515
344,830097400375152640,9576,2852
345,829878982036299777,0,4865
346,829861396166877184,12018,1879
347,829501995190984704,31108,10316
348,829449946868879360,10267,1954
349,829141528400556032,23900,7131
350,829011960981237760,52279,15917
351,828801551087042563,0,3329
352,828770345708580865,25083,5700
353,828708714936930305,35782,10890
354,828650029636317184,9327,1295
355,828409743546925057,6230,1130
356,828408677031882754,7539,1247
357,828381636999917570,12359,2166
358,828376505180889089,7251,1042
359,828372645993398273,12355,2853
360,828361771580813312,2141,171
361,828046555563323392,11524,2798
362,828011680017821696,10156,2099
363,827933404142436356,19683,5108
364,827653905312006145,15205,2939
365,827600520311402496,7332,914
366,827324948884643840,15533,2948
367,827199976799354881,10381,2169
368,826958653328592898,21167,4865
369,826848821049180160,35572,9883
370,826615380357632002,0,3882
371,826598799820865537,5036,242
372,826598365270007810,9834,2282
373,826476773533745153,18079,4084
374,826240494070030336,13048,2544
375,826204788643753985,4788,899
376,826115272272650244,15361,3029
377,825876512159186944,10298,1817
378,825829644528148480,12523,2435
379,825535076884762624,55980,17185
380,825147591692263424,17987,4424
381,825120256414846976,0,1213
382,825026590719483904,6177,1213
383,824796380199809024,0,5381
384,824775126675836928,14660,3422
385,824663926340194305,10359,1728
386,824325613288833024,11631,10342
387,824297048279236611,14804,3769
388,824025158776213504,4746,586
389,823939628516474880,10454,2646
390,823719002937630720,0,10923
391,823699002998870016,13758,2463
392,823581115634085888,12793,2568
393,823333489516937216,690,22
394,823322678127919110,15486,3923
395,823269594223824897,0,9661
396,822975315408461824,17051,3366
397,822872901745569793,129412,42184
398,822859134160621569,13037,2221
399,822647212903690241,0,6259
400,822610361945911296,14576,2883
401,822489057087389700,17835,6259
402,822462944365645825,27483,13937
403,822244816520155136,34445,9661
404,822163064745328640,0,4647
405,821886076407029760,11145,2257
406,821813639212650496,0,3301
407,821765923262631936,8274,1623
408,821522889702862852,7921,1712
409,821421320206483457,0,5444
410,821407182352777218,11571,4232
411,821153421864615936,250,10
412,821149554670182400,8500,1922
413,821107785811234820,9453,2087
414,821044531881721856,12483,2223
415,820837357901512704,0,6586
416,820749716845686786,31105,9676
417,820690176645140481,12051,3164
418,820494788566847489,0,552
419,820446719150292993,0,2518
420,820314633777061888,3301,552
421,820078625395449857,19524,6160
422,820013781606658049,0,1149
423,819952236453363712,5252,1149
424,819924195358416896,12761,4799
425,819711362133872643,13190,3053
426,819588359383371776,9523,1960
427,819347104292290561,7118,1175
428,819238181065359361,2228,401
429,819227688460238848,22747,6586
430,819015337530290176,0,36298
431,819015331746349057,0,18685
432,819006400881917954,44768,18685
433,819004803107983360,85897,36298
434,818646164899774465,0,20582
435,818627210458333184,22106,7418
436,818614493328580609,9700,2490
437,818588835076603904,0,6007
438,818536468981415936,10718,2400
439,818307523543449600,0,7906
440,818259473185828864,10861,2205
441,818145370475810820,12106,2511
442,817908911860748288,4791,785
443,817827839487737858,50902,26592
444,817777686764523521,10619,2634
445,817536400337801217,11624,2899
446,817502432452313088,0,3337
447,817423860136083457,33320,14396
448,817415592588222464,5524,931
449,817181837579653120,0,8309
450,817171292965273600,8655,1988
451,817120970343411712,12069,2551
452,817056546584727552,8476,1613
453,816829038950027264,0,4633
454,816816676327063552,9873,2004
455,816697700272001025,9658,2150
456,816450570814898180,30012,7906
457,816336735214911488,8484,1913
458,816091915477250048,8823,2091
459,816062466425819140,0,997
460,816014286006976512,0,5163
461,815990720817401858,4882,997
462,815966073409433600,22114,8309
463,815745968457060357,0,4061
464,815736392542261248,9722,2227
465,815639385530101762,8121,1620
466,815390420867969024,10236,3753
467,814986499976527872,7560,1254
468,814638523311648768,11138,2655
469,814578408554463233,0,5746
470,814530161257443328,8528,1835
471,814153002265309185,28403,8539
472,813944609378369540,0,3138
473,813910438903693312,9211,1832
474,813812741911748608,36045,13753
475,813800681631023104,8222,1727
476,813217897535406080,18431,7186
477,813202720496779264,9133,1793
478,813187593374461952,19630,4284
479,813172488309972993,9165,1899
480,813157409116065792,7682,2172
481,813142292504645637,8396,2354
482,813130366689148928,4441,439
483,813127251579564032,11684,3065
484,813112105746448384,10196,2695
485,813096984823349248,10455,3578
486,813081950185472002,9808,2749
487,813066809284972545,7846,1921
488,813051746834595840,20725,7260
489,812781120811126785,7467,1877
490,812709060537683968,6548,1423
491,812503143955202048,5986,1199
492,812466873996607488,7891,1910
493,812372279581671427,13517,3619
494,811985624773361665,7195,1382
495,811744202451197953,7465,1566
496,811647686436880384,5548,725
497,811627233043480576,12626,3028
498,811386762094317568,20717,6297
499,810984652412424192,5271,1415
500,810896069567610880,8913,1743
501,810657578271330305,10857,2605
502,810284430598270976,34837,11086
503,810254108431155201,14550,3329
504,809920764300447744,15410,3882
505,809808892968534016,0,4834
506,809448704142938112,6882,1443
507,809220051211603969,19721,5515
508,809084759137812480,13098,3487
509,808838249661788160,10022,2998
510,808733504066486276,7823,2135
511,808501579447930884,11201,2577
512,808344865868283904,42106,20582
513,808134635716833280,0,5837
514,808106460588765185,8735,2185
515,808001312164028416,12418,3498
516,807621403335917568,14451,3570
517,807106840509214720,116969,54651
518,807059379405148160,0,7247
519,807010152071229440,12984,3821
520,806629075125202948,73866,34158
521,806620845233815552,0,5465
522,806576416489959424,4854,1939
523,806542213899489280,10115,2332
524,806242860592926720,0,11491
525,806219024703037440,6393,1182
526,805958939288408065,0,5301
527,805932879469572096,8220,1901
528,805826884734976000,6504,1797
529,805823200554876929,0,7916
530,805520635690676224,5703,1641
531,805487436403003392,8723,2490
532,805207613751304193,7784,1699
533,804738756058218496,13574,3783
534,804475857670639616,6088,1988
535,804413760345620481,0,3194
536,804026241225523202,44008,15905
537,803773340896923648,9964,2707
538,803692223237865472,0,7343
539,803638050916102144,10841,4102
540,803380650405482500,7697,1857
541,803321560782307329,0,5259
542,803276597545603072,9948,2428
543,802952499103731712,8943,1975
544,802624713319034886,0,2874
545,802600418706604034,7037,1445
546,802572683846291456,8872,2480
547,802323869084381190,16038,5764
548,802265048156610565,6876,1363
549,802239329049477120,9013,2594
550,802185808107208704,0,270
551,801958328846974976,7682,1707
552,801854953262350336,1779,235
553,801538201127157760,8164,2043
554,801285448605831168,5996,808
555,801167903437357056,24243,5837
556,801127390143516673,0,3912
557,801115127852503040,8001,2079
558,800859414831898624,682,97
559,800855607700029440,0,1592
560,800751577355128832,10491,2766
561,800513324630806528,13030,2960
562,800459316964663297,9432,2153
563,800443802682937345,0,4277
564,800388270626521089,11072,2778
565,800188575492947969,0,3896
566,800141422401830912,15163,2518
567,800018252395122689,28093,13001
568,799774291445383169,0,4625
569,799757965289017345,8331,2140
570,799422933579902976,7995,1907
571,799308762079035393,0,5400
572,799297110730567681,9790,2720
573,799063482566066176,8023,2455
574,798933969379225600,12972,4400
575,798925684722855936,7459,1429
576,798705661114773508,0,6575
577,798701998996647937,0,7687
578,798697898615730177,0,6460
579,798694562394996736,0,4896
580,798686750113755136,0,2308
581,798682547630837760,0,4695
582,798673117451325440,0,5503
583,798665375516884993,0,3874
584,798644042770751489,0,1834
585,798628517273620480,0,1961
586,798585098161549313,0,5619
587,798576900688019456,0,5770
588,798340744599797760,0,3291
589,798209839306514432,10330,2527
590,797971864723324932,11484,3076
591,797545162159308800,14428,4822
592,797236660651966464,19750,6492
593,797165961484890113,222,26
594,796904159865868288,0,8831
595,796865951799083009,7617,1897
596,796759840936919040,11705,3000
597,796563435802726400,0,7163
598,796484825502875648,7501,1734
599,796387464403357696,10903,4093
600,796177847564038144,0,14116
601,796149749086875649,31967,14116
602,796125600683540480,4930,1783
603,796116448414461957,9011,2387
604,796080075804475393,8378,2280
605,796031486298386433,10703,3676
606,795464331001561088,49097,23301
607,795400264262053889,9944,2832
608,795076730285391872,16049,5381
609,794983741416415232,0,3338
610,794926597468000259,10140,2292
611,794355576146903043,0,10166
612,794332329137291264,9521,2651
613,794205286408003585,9161,3286
614,793962221541933056,16676,4834
615,793845145112371200,9144,1833
616,793614319594401792,0,3098
617,793601777308463104,7909,1598
618,793500921481273345,10586,2351
619,793286476301799424,24376,9055
620,793271401113350145,8616,2369
621,793256262322548741,19813,8250
622,793241302385262592,10425,3256
623,793226087023144960,9721,2849
624,793210959003287553,8846,2763
625,793195938047070209,15116,5559
626,793180763617361921,6874,1981
627,793165685325201412,9294,2755
628,793150605191548928,6133,1684
629,793135492858580992,6348,2471
630,793120401413079041,12538,3882
631,792913359805018113,14181,3931
632,792883833364439040,11187,4225
633,792773781206999040,7293,1655
634,792394556390137856,13296,4258
635,792050063153438720,7077,1768
636,791821351946420224,0,20851
637,791784077045166082,0,9450
638,791780927877898241,0,3773
639,791774931465953280,44697,21917
640,791672322847637504,11643,3098
641,791406955684368384,13028,4061
642,791312159183634433,8679,2503
643,791026214425268224,0,4042
644,790987426131050500,9736,2105
645,790946055508652032,16531,4633
646,790723298204217344,0,2282
647,790698755171364864,8134,1900
648,790581949425475584,20478,7042
649,790337589677002753,7755,1862
650,790277117346975746,12433,3138
651,790227638568808452,0,3516
652,789986466051088384,9174,2282
653,789960241177853952,0,4057
654,789903600034189313,10232,4089
655,789628658055020548,7411,1741
656,789599242079838210,6674,1898
657,789530877013393408,11613,3338
658,789314372632018944,8559,2263
659,789280767834746880,0,4859
660,789268448748703744,9033,2575
661,789137962068021249,9615,2756
662,788908386943430656,27178,12341
663,788765914992902144,27052,10166
664,788552643979468800,0,7066
665,788412144018661376,15387,5197
666,788178268662984705,7149,2071
667,788150585577050112,6057,1257
668,788070120937619456,0,3387
669,788039637453406209,6061,1290
670,787810552592695296,8524,3008
671,787717603741622272,10155,2746
672,787397959788929025,10783,2814
673,787322443945877504,7708,1721
674,787111942498508800,0,6664
675,786963064373534720,26362,7862
676,786729988674449408,0,2395
677,786709082849828864,18059,6041
678,786664955043049472,10488,2504
679,786595970293370880,9357,3092
680,786363235746385920,10775,3429
681,786286427768250368,7888,2790
682,786233965241827333,15065,4647
683,786051337297522688,1408,154
684,786036967502913536,0,6899
685,785927819176054784,11261,3141
686,785872687017132033,6626,1779
687,785639753186217984,7780,2208
688,785533386513321988,8993,1963
689,785515384317313025,6049,1238
690,785264754247995392,7190,1596
691,785170936622350336,11888,4750
692,784826020293709826,9991,3194
693,784517518371221505,8871,2485
694,784431430411685888,5656,1252
695,784183165795655680,19808,7916
696,784057939640352768,29406,10923
697,783839966405230592,29629,10624
698,783821107061198850,7277,1933
699,783695101801398276,10340,3168
700,783466772167098368,8348,2199
701,783391753726550016,16698,5366
702,783347506784731136,0,5451
703,783334639985389568,28759,11491
704,783085703974514689,8063,2160
705,782969140009107456,23841,7247
706,782747134529531904,7377,1389
707,782722598790725632,17037,5301
708,782598640137187329,7701,1841
709,782305867769217024,16444,5444
710,782021823840026624,0,6093
711,781955203444699136,10996,3318
712,781661882474196992,10308,2675
713,781655249211752448,3939,1113
714,781524693396357120,20489,5465
715,781308096455073793,7058,2514
716,781251288990355457,8297,2043
717,781163403222056960,9678,2713
718,780931614150983680,21320,7163
719,780858289093574656,7088,1968
720,780800785462489090,5405,1276
721,780601303617732608,11932,3301
722,780543529827336192,6211,1716
723,780496263422808064,0,3603
724,780476555013349377,0,109
725,780459368902959104,5212,1057
726,780192070812196864,8567,2198
727,780092040432480260,0,2256
728,780074436359819264,11972,4860
729,779834332596887552,18589,6899
730,779377524342161408,8635,3053
731,779124354206535695,0,17927
732,779056095788752897,14536,4440
733,778990705243029504,19651,7037
734,778774459159379968,0,9691
735,778764940568104960,850,356
736,778748913645780993,6779,1278
737,778650543019483137,5673,1469
738,778624900596654080,4546,993
739,778408200802557953,13398,4239
740,778396591732486144,0,11981
741,778383385161035776,5732,1077
742,778286810187399168,10221,3235
743,778039087836069888,8360,2588
744,778027034220126208,6454,1571
745,777953400541634568,0,3460
746,777885040357281792,6253,1595
747,777684233540206592,11055,2874
748,777641927919427584,0,4141
749,777621514455814149,8587,2465
750,777189768882946048,14012,4227
751,776819012571455488,0,13402
752,776813020089548800,4802,1182
753,776477788987613185,8664,2713
754,776249906839351296,0,8927
755,776218204058357768,29376,15498
756,776201521193218049,9432,2469
757,776113305656188928,11564,4277
758,776088319444877312,1807,147
759,775898661951791106,0,16431
760,775842724423557120,11499,2602
761,775733305207554048,13661,3912
762,775729183532220416,12795,4506
763,775364825476165632,7258,2895
764,775350846108426240,9989,3827
765,775085132600442880,15281,4625
766,774757898236878852,8462,1749
767,774639387460112384,6615,1693
768,774314403806253056,21407,5400
769,773985732834758656,10552,3770
770,773922284943896577,6289,1714
771,773704687002451968,6483,1594
772,773670353721753600,5259,1285
773,773547596996571136,21735,6007
774,773336787167145985,0,4944
775,773308824254029826,22883,7316
776,773247561583001600,9296,3191
777,773191612633579521,9821,4035
778,772877495989305348,8394,3789
779,772826264096874500,7885,2309
780,772615324260794368,0,3307
781,772581559778025472,6366,1666
782,772193107915964416,5906,1354
783,772152991789019136,3741,1110
784,772117678702071809,3701,722
785,772114945936949249,2678,459
786,772102971039580160,3932,918
787,771908950375665664,6451,1845
788,771770456517009408,11769,3291
789,771500966810099713,8124,2555
790,771380798096281600,10288,4944
791,771171053431250945,0,7262
792,771136648247640064,8983,2856
793,771102124360998913,6116,1404
794,771014301343748096,6746,1618
795,770787852854652928,4835,1178
796,770772759874076672,5085,1388
797,770655142660169732,7207,1738
798,770414278348247044,6215,2049
799,770293558247038976,6105,1433
800,770093767776997377,0,2971
801,770069151037685760,7449,2248
802,769940425801170949,30670,9308
803,769695466921623552,6295,1643
804,769335591808995329,0,7553
805,769212283578875904,5287,1674
806,768970937022709760,14034,6352
807,768909767477751808,0,2604
808,768855141948723200,4095,867
809,768609597686943744,4032,1169
810,768596291618299904,4930,1248
811,768554158521745409,0,5693
812,768473857036525572,13354,3329
813,768193404517830656,10653,3460
814,767884188863397888,4651,1349
815,767754930266464257,15693,5259
816,767500508068192258,7357,2287
817,767191397493538821,12051,3670
818,767122157629476866,9978,2794
819,766864461642756096,0,5491
820,766793450729734144,4938,1330
821,766714921925144576,2561,366
822,766693177336135680,3931,776
823,766423258543644672,5881,1540
824,766313316352462849,6649,1841
825,766078092750233600,0,2558
826,766069199026450432,4133,831
827,766008592277377025,3673,488
828,765719909049503744,7092,2109
829,765669560888528897,5084,1205
830,765395769549590528,26155,3309
831,765371061932261376,6922,2120
832,765222098633691136,11400,3307
833,764857477905154048,6323,1737
834,764259802650378240,5892,1469
835,763956972077010945,749,53
836,763837565564780549,12296,4042
837,763183847194451968,5267,1438
838,763167063695355904,0,2929
839,763103485927849985,7228,2252
840,762699858130116608,11874,3516
841,762471784394268675,10985,6240
842,762464539388485633,10076,4057
843,762316489655476224,4695,1084
844,762035686371364864,31146,15136
845,761976711479193600,5279,1951
846,761750502866649088,0,3812
847,761745352076779520,4186,841
848,761672994376806400,48342,28322
849,761599872357261312,4038,1161
850,761371037149827077,0,17611
851,761334018830917632,5074,1422
852,761292947749015552,4391,1059
853,761227390836215808,5215,1522
854,761004547850530816,11101,3387
855,760893934457552897,3730,945
856,760656994973933572,6433,1855
857,760641137271070720,4869,1263
858,760539183865880579,7403,3525
859,760521673607086080,4119,1361
860,760290219849637889,26204,11173
861,760252756032651264,3865,847
862,760190180481531904,5569,1747
863,760153949710192640,0,30
864,759943073749200896,5805,2026
865,759923798737051648,14359,5491
866,759846353224826880,6581,1915
867,759793422261743616,5818,1851
868,759557299618865152,4573,1160
869,759447681597108224,8300,2395
870,759446261539934208,1637,470
871,759197388317847553,5942,1895
872,759159934323924993,0,1128
873,759099523532779520,14184,4042
874,759047813560868866,6331,1948
875,758854675097526272,3466,877
876,758828659922702336,10957,3751
877,758740312047005698,5606,1578
878,758474966123810816,3706,971
879,758467244762497024,4682,2160
880,758405701903519748,5086,1855
881,758355060040593408,3305,1034
882,758099635764359168,18604,9691
883,758041019896193024,2636,365
884,757741869644341248,6710,3163
885,757729163776290825,0,7669
886,757725642876129280,4440,1181
887,757611664640446465,4462,1067
888,757597904299253760,0,292
889,757596066325864448,4234,1027
890,757400162377592832,14791,6656
891,757393109802180609,5672,1688
892,757354760399941633,4411,1383
893,756998049151549440,6130,1928
894,756939218950160384,6476,1943
895,756651752796094464,4919,1259
896,756526248105566208,10164,3480
897,756303284449767430,3843,1079
898,756288534030475264,43011,17199
899,756275833623502848,6237,1492
900,755955933503782912,7125,2795
901,755206590534418437,16059,5196
902,755110668769038337,20678,10791
903,754874841593970688,0,7676
904,754856583969079297,6719,2440
905,754747087846248448,2529,502
906,754482103782404096,5152,1897
907,754449512966619136,3652,715
908,754120377874386944,7706,2286
909,753655901052166144,5702,2117
910,753420520834629632,7697,3449
911,753398408988139520,5607,1854
912,753375668877008896,7445,2256
913,753298634498793472,0,5517
914,753294487569522689,3274,1011
915,753039830821511168,36186,20261
916,753026973505581056,3826,935
917,752932432744185856,12291,6664
918,752917284578922496,6764,1528
919,752701944171524096,0,2775
920,752682090207055872,5854,1547
921,752660715232722944,4266,1510
922,752568224206688256,5348,2210
923,752519690950500352,7189,3350
924,752334515931054080,3723,1068
925,752309394570878976,0,15715
926,752173152931807232,5810,1773
927,751950017322246144,2987,885
928,751937170840121344,5049,1274
929,751830394383790080,5673,1887
930,751793661361422336,5672,2813
931,751598357617971201,7739,2953
932,751583847268179968,4281,1067
933,751538714308972544,4909,1223
934,751456908746354688,3137,977
935,751251247299190784,12206,5708
936,751205363882532864,6153,1759
937,751132876104687617,4937,1262
938,750868782890057730,4652,1319
939,750719632563142656,12823,4859
940,750506206503038976,4339,1114
941,750429297815552001,12832,4141
942,750383411068534784,4439,1113
943,750381685133418496,675,27
944,750147208377409536,3016,931
945,750132105863102464,3515,1253
946,750117059602808832,4229,1273
947,750101899009982464,2962,816
948,750086836815486976,2112,516
949,750071704093859840,7623,3217
950,750056684286914561,3074,871
951,750041628174217216,3087,592
952,750026558547456000,2649,762
953,750011400160841729,3148,877
954,749996283729883136,2979,797
955,749981277374128128,4978,2394
956,749774190421639168,4551,1282
957,749417653287129088,5941,1593
958,749403093750648834,2539,514
959,749395845976588288,8332,3323
960,749317047558017024,5346,2174
961,749075273010798592,5606,2011
962,749064354620928000,4676,1481
963,749036806121881602,3013,769
964,748977405889503236,10485,3289
965,748932637671223296,5647,2176
966,748705597323898880,2700,922
967,748699167502000129,4626,1536
968,748692773788876800,4138,1296
969,748575535303884801,5898,1922
970,748568946752774144,2146,650
971,748346686624440324,5080,1193
972,748337862848962560,7399,3974
973,748324050481647620,3585,731
974,748307329658011649,3594,693
975,748220828303695873,13749,7519
976,747963614829678593,5624,2077
977,747933425676525569,6433,2468
978,747885874273214464,2851,938
979,747844099428986880,2739,722
980,747816857231626240,4713,1125
981,747651430853525504,1336,148
982,747648653817413632,12530,5641
983,747600769478692864,2268,543
984,747594051852075008,3566,1017
985,747512671126323200,5370,1560
986,747461612269887489,3758,1012
987,747439450712596480,5260,1853
988,747242308580548608,0,2807
989,747219827526344708,5112,1513
990,747204161125646336,3266,882
991,747103485104099331,9278,3823
992,746906459439529985,2821,285
993,746872823977771008,5813,2066
994,746818907684614144,5162,1684
995,746790600704425984,4732,1544
996,746757706116112384,9293,3773
997,746726898085036033,5878,1737
998,746542875601690625,4902,1827
999,746521445350707200,0,952
1000,746507379341139972,4531,1053
1001,746369468511756288,6019,1579
1002,746131877086527488,6697,2110
1003,746056683365994496,3467,786
1004,745789745784041472,3905,1025
1005,745712589599014916,6796,2243
1006,745433870967832576,6874,2461
1007,745422732645535745,8328,2339
1008,745314880350101504,6946,2655
1009,745074613265149952,7609,3364
1010,745057283344719872,7038,2167
1011,744995568523612160,2880,593
1012,744971049620602880,7650,2597
1013,744709971296780288,5437,1507
1014,744334592493166593,6574,2026
1015,744234799360020481,151504,74958
1016,744223424764059648,1610,347
1017,743980027717509120,4049,1056
1018,743895849529389061,3551,933
1019,743835915802583040,0,1995
1020,743609206067040256,4341,1338
1021,743595368194129920,17772,6296
1022,743545585370791937,3427,909
1023,743510151680958465,7703,3599
1024,743253157753532416,4106,1180
1025,743222593470234624,6008,1844
1026,743210557239623680,3723,1313
1027,742534281772302336,6851,3441
1028,742528092657332225,4282,1888
1029,742465774154047488,7036,3773
1030,742423170473463808,9516,3603
1031,742385895052087300,6591,1892
1032,742161199639494656,4177,1318
1033,742150209887731712,4951,1491
1034,741793263812808706,4405,1451
1035,741743634094141440,7914,2644
1036,741438259667034112,3579,787
1037,741303864243200000,8502,3087
1038,741099773336379392,9672,5314
1039,741067306818797568,9231,2971
1040,740995100998766593,6147,2613
1041,740711788199743490,3302,906
1042,740699697422163968,2761,746
1043,740676976021798912,17584,6575
1044,740373189193256964,33901,12847
1045,740365076218183684,2376,416
1046,740359016048689152,3191,830
1047,740214038584557568,6475,1895
1048,739979191639244800,19325,5693
1049,739932936087216128,3930,1040
1050,739844404073074688,3681,829
1051,739623569819336705,3641,1311
1052,739606147276148736,5223,1593
1053,739544079319588864,38185,20381
1054,739485634323156992,6918,2811
1055,739238157791694849,111997,55816
1056,738891149612572673,102,6
1057,738885046782832640,3651,1103
1058,738883359779196928,3203,759
1059,738537504001953792,4919,1476
1060,738402415918125056,3163,790
1061,738184450748633089,4193,1170
1062,738166403467907072,8468,3208
1063,738156290900254721,2416,618
1064,737826014890496000,5096,1700
1065,737800304142471168,9670,3333
1066,737678689543020544,4869,1263
1067,737445876994609152,9892,4275
1068,737322739594330112,3477,776
1069,737310737551491075,14160,7134
1070,736736130620620800,4100,1656
1071,736392552031657984,17096,7066
1072,736365877722001409,3844,1189
1073,736225175608430592,7825,2679
1074,736010884653420544,7609,2860
1075,735991953473572864,3470,1103
1076,735648611367784448,3907,1061
1077,735635087207878657,5951,2258
1078,735274964362878976,12595,4821
1079,735256018284875776,3216,846
1080,735137028879360001,3028,936
1081,734912297295085568,2659,509
1082,734787690684657664,12116,6056
1083,734776360183431168,2418,513
1084,734559631394082816,1445,382
1085,733828123016450049,3462,751
1086,733822306246479872,3544,984
1087,733482008106668032,3016,908
1088,733460102733135873,4036,1222
1089,733109485275860992,51616,16431
1090,732732193018155009,2351,514
1091,732726085725589504,3437,856
1092,732585889486888962,3529,751
1093,732375214819057664,7800,2408
1094,732005617171337216,14349,5163
1095,731285275100512256,3376,964
1096,731156023742988288,3712,1220
1097,730924654643314689,5938,1902
1098,730573383004487680,4718,2050
1099,730427201120833536,3365,997
1100,730211855403241472,3687,1020
1101,730196704625098752,4679,1801
1102,729854734790754305,3894,1078
1103,729838605770891264,1670,365
1104,729823566028484608,3836,1192
1105,729463711119904772,5584,2217
1106,729113531270991872,1818,305
1107,728986383096946689,3033,784
1108,728760639972315136,4506,1633
1109,728751179681943552,2670,649
1110,728653952833728512,3204,999
1111,728409960103686147,4728,1913
1112,728387165835677696,3581,922
1113,728046963732717569,4143,1156
1114,728035342121635841,4391,1606
1115,728015554473250816,3983,1056
1116,727685679342333952,2859,610
1117,727644517743104000,5652,1677
1118,727524757080539137,4317,1164
1119,727314416056803329,3212,714
1120,727286334147182592,2947,784
1121,727175381690781696,3777,1333
1122,727155742655025152,3499,1271
1123,726935089318363137,6624,2333
1124,726887082820554753,3695,1451
1125,726828223124897792,3444,965
1126,726224900189511680,4272,1099
1127,725842289046749185,6837,2558
1128,725786712245440512,4026,1319
1129,725729321944506368,5019,1706
1130,725458796924002305,1363,586
1131,724983749226668032,3608,1246
1132,724771698126512129,2256,607
1133,724405726123311104,5113,1592
1134,724049859469295616,4193,1708
1135,724046343203856385,2565,536
1136,724004602748780546,4040,1478
1137,723912936180330496,3756,1179
1138,723688335806480385,7378,2813
1139,723673163800948736,2919,851
1140,723179728551723008,5111,1786
1141,722974582966214656,3955,1505
1142,722613351520608256,4812,1569
1143,721503162398597120,4451,1751
1144,721001180231503872,2442,587
1145,720785406564900865,2997,736
1146,720775346191278080,2368,633
1147,720415127506415616,3989,1443
1148,720389942216527872,6133,2400
1149,720340705894408192,2759,937
1150,720059472081784833,3721,1075
1151,720043174954147842,4749,1926
1152,719991154352222208,4661,1670
1153,719704490224398336,4380,1367
1154,719551379208073216,4873,1812
1155,719367763014393856,2697,715
1156,719339463458033665,4292,1181
1157,719332531645071360,3312,911
1158,718971898235854848,3353,1037
1159,718939241951195136,5066,1677
1160,718631497683582976,18192,7687
1161,718613305783398402,2350,460
1162,718540630683709445,2354,969
1163,718460005985447936,2596,504
1164,718454725339934721,4683,1451
1165,718246886998687744,1840,477
1166,718234618122661888,3732,949
1167,717841801130979328,2366,574
1168,717790033953034240,2764,1055
1169,717537687239008257,5584,1769
1170,717428917016076293,1561,429
1171,717421804990701568,3049,804
1172,717047459982213120,6055,1843
1173,717009362452090881,3120,924
1174,716802964044845056,4139,1124
1175,716791146589110272,7924,1513
1176,716730379797970944,1190,411
1177,716447146686459905,12596,5614
1178,716439118184652801,2299,201
1179,716285507865542656,2677,1009
1180,716080869887381504,6541,1827
1181,715928423106027520,3078,844
1182,715758151270801409,3582,1370
1183,715733265223708672,4506,1621
1184,715704790270025728,2680,548
1185,715696743237730304,3770,1241
1186,715680795826982913,4136,1540
1187,715360349751484417,5282,1501
1188,715342466308784130,2942,661
1189,715220193576927233,2337,622
1190,715200624753819648,4969,1793
1191,715009755312439296,4003,1174
1192,714982300363173890,3588,994
1193,714962719905021952,7080,4074
1194,714957620017307648,3999,1353
1195,714631576617938945,3164,950
1196,714606013974974464,3503,883
1197,714485234495041536,2571,1081
1198,714258258790387713,2926,702
1199,714251586676113411,3162,801
1200,714214115368108032,2200,835
1201,714141408463036416,4176,1346
1202,713919462244790272,3179,762
1203,713909862279876608,1830,519
1204,713900603437621249,2739,703
1205,713761197720473600,4683,1308
1206,713411074226274305,4275,1249
1207,713177543487135744,6967,2747
1208,713175907180089344,4297,1418
1209,712809025985978368,18372,6460
1210,712717840512598017,11875,4758
1211,712668654853337088,4027,1162
1212,712438159032893441,5140,1506
1213,712309440758808576,230,25
1214,712097430750289920,3636,991
1215,712092745624633345,2843,852
1216,712085617388212225,3161,467
1217,712065007010385924,2174,598
1218,711998809858043904,0,122
1219,711968124745228288,7765,2214
1220,711743778164514816,2741,954
1221,711732680602345472,8495,3923
1222,711694788429553666,31683,17611
1223,711652651650457602,3722,874
1224,711363825979756544,3508,1086
1225,711306686208872448,3183,708
1226,711008018775851008,2886,588
1227,710997087345876993,4419,1333
1228,710844581445812225,2452,655
1229,710833117892898816,2595,512
1230,710658690886586372,2232,540
1231,710609963652087808,4634,2287
1232,710588934686908417,4375,1784
1233,710296729921429505,2297,709
1234,710283270106132480,2084,501
1235,710272297844797440,4372,1201
1236,710269109699739648,2312,1071
1237,710153181850935296,2814,860
1238,710140971284037632,2658,848
1239,710117014656950272,5272,1892
1240,709918798883774466,3379,1047
1241,709901256215666688,644,98
1242,709852847387627521,3396,1153
1243,709566166965075968,3429,1151
1244,709556954897764353,3171,1028
1245,709519240576036864,1446,226
1246,709449600415961088,2134,544
1247,709409458133323776,2545,651
1248,709225125749587968,2334,546
1249,709207347839836162,12057,5539
1250,709198395643068416,2367,614
1251,709179584944730112,1942,644
1252,709158332880297985,1965,394
1253,709042156699303936,4569,1566
1254,708853462201716736,1746,637
1255,708845821941387268,2873,857
1256,708834316713893888,1627,481
1257,708810915978854401,15896,6639
1258,708738143638450176,2666,781
1259,708711088997666817,2449,690
1260,708479650088034305,2455,651
1261,708469915515297792,2998,783
1262,708400866336894977,15386,9667
1263,708356463048204288,3457,1263
1264,708349470027751425,2276,710
1265,708149363256774660,4147,1498
1266,708130923141795840,3264,823
1267,708119489313951744,2598,941
1268,708109389455101952,1888,534
1269,708026248782585858,4251,1849
1270,707995814724026368,3016,1084
1271,707983188426153984,48,2
1272,707969809498152960,2595,922
1273,707776935007539200,3168,920
1274,707741517457260545,2412,588
1275,707738799544082433,3945,2363
1276,707693576495472641,3278,954
1277,707629649552134146,2483,833
1278,707610948723478529,16399,6093
1279,707420581654872064,2180,667
1280,707411934438625280,2224,575
1281,707387676719185920,3377,1227
1282,707377100785885184,3164,1042
1283,707315916783140866,2391,612
1284,707297311098011648,2695,753
1285,707059547140169728,2513,650
1286,707038192327901184,2116,756
1287,707021089608753152,3954,1299
1288,707014260413456384,2243,575
1289,706904523814649856,14086,7553
1290,706901761596989440,1983,562
1291,706681918348251136,3193,942
1292,706644897839910912,2484,1053
1293,706593038911545345,2084,607
1294,706538006853918722,3358,1378
1295,706516534877929472,3019,990
1296,706346369204748288,3340,892
1297,706310011488698368,20553,7600
1298,706291001778950144,1654,461
1299,706265994973601792,2649,899
1300,706169069255446529,3774,2130
1301,706166467411222528,4977,1541
1302,706153300320784384,1434,369
1303,705975130514706432,2999,703
1304,705970349788291072,3075,858
1305,705898680587526145,2296,530
1306,705786532653883392,1865,496
1307,705591895322394625,3070,1104
1308,705475953783398401,2869,878
1309,705442520700944385,4258,1554
1310,705428427625635840,3677,1608
1311,705239209544720384,2898,727
1312,705223444686888960,2507,770
1313,705102439679201280,2072,499
1314,705066031337840642,2120,594
1315,704871453724954624,4145,1088
1316,704859558691414016,2175,512
1317,704847917308362754,4905,1459
1318,704819833553219584,2553,944
1319,704761120771465216,6422,2807
1320,704499785726889984,2815,969
1321,704491224099647488,725,75
1322,704480331685040129,3283,1032
1323,704364645503647744,7713,3418
1324,704347321748819968,1521,336
1325,704134088924532736,1460,439
1326,704113298707505153,1794,552
1327,704054845121142784,2828,884
1328,703774238772166656,1784,437
1329,703769065844768768,3160,1097
1330,703631701117943808,2486,648
1331,703611486317502464,3711,1474
1332,703425003149250560,3679,1307
1333,703407252292673536,2360,667
1334,703382836347330562,3391,1104
1335,703356393781329922,1846,371
1336,703268521220972544,1918,522
1337,703079050210877440,7156,2965
1338,703041949650034688,25441,11981
1339,702932127499816960,2503,693
1340,702899151802126337,1558,434
1341,702684942141153280,3122,1026
1342,702671118226825216,2119,541
1343,702598099714314240,11830,3313
1344,702539513671897089,2786,922
1345,702332542343577600,3075,1490
1346,702321140488925184,3168,1008
1347,702276748847800320,2389,741
1348,702217446468493312,4626,1294
1349,701981390485725185,3330,947
1350,701952816642965504,3720,990
1351,701889187134500865,3433,1339
1352,701805642395348998,3306,1605
1353,701601587219795968,2030,435
1354,701570477911896070,2725,895
1355,701545186879471618,2574,585
1356,701214700881756160,11799,4896
1357,700890391244103680,2143,548
1358,700864154249383937,2511,601
1359,700847567345688576,2379,481
1360,700796979434098688,2353,902
1361,700747788515020802,22042,8927
1362,700518061187723268,2526,764
1363,700505138482569216,2219,546
1364,700462010979500032,3980,1712
1365,700167517596164096,2551,704
1366,700151421916807169,2168,643
1367,700143752053182464,7273,2604
1368,700062718104104960,2564,659
1369,700029284593901568,2012,564
1370,700002074055016451,3197,1291
1371,699801817392291840,2943,914
1372,699788877217865730,2161,493
1373,699779630832685056,2642,1192
1374,699775878809702401,1897,582
1375,699691744225525762,9954,4422
1376,699446877801091073,5762,2525
1377,699434518667751424,2103,493
1378,699423671849451520,1316,309
1379,699413908797464576,2020,603
1380,699370870310113280,1829,419
1381,699323444782047232,3054,831
1382,699088579889332224,2176,603
1383,699079609774645248,2368,622
1384,699072405256409088,2873,1144
1385,699060279947165696,3622,1727
1386,699036661657767936,2524,1156
1387,698989035503689728,3234,936
1388,698953797952008193,2595,880
1389,698907974262222848,2457,599
1390,698710712454139905,2384,653
1391,698703483621523456,1406,360
1392,698635131305795584,1257,330
1393,698549713696649216,2245,601
1394,698355670425473025,1789,429
1395,698342080612007937,2197,927
1396,698262614669991936,4619,1922
1397,698195409219559425,16221,5746
1398,698178924120031232,2728,714
1399,697995514407682048,1475,324
1400,697990423684476929,3178,1242
1401,697943111201378304,2314,648
1402,697881462549430272,2919,1117
1403,697630435728322560,1691,525
1404,697616773278015490,3046,976
1405,697596423848730625,2912,1217
1406,697575480820686848,1975,483
1407,697516214579523584,1981,1070
1408,697482927769255936,2338,641
1409,697463031882764288,3313,1353
1410,697270446429966336,4558,1814
1411,697259378236399616,3190,971
1412,697255105972801536,2966,1111
1413,697242256848379904,2444,643
1414,696900204696625153,3066,987
1415,696894894812565505,2261,659
1416,696886256886657024,4689,1729
1417,696877980375769088,2371,687
1418,696754882863349760,1433,348
1419,696744641916489729,2009,895
1420,696713835009417216,2303,623
1421,696518437233913856,3791,1652
1422,696490539101908992,1176,138
1423,696488710901260288,2432,987
1424,696405997980676096,3099,1115
1425,696100768806522880,1867,629
1426,695816827381944320,2913,1108
1427,695794761660297217,3064,743
1428,695767669421768709,1801,709
1429,695629776980148225,4413,2012
1430,695446424020918272,4260,1750
1431,695409464418041856,8387,3451
1432,695314793360662529,3504,1398
1433,695095422348574720,2560,590
1434,695074328191332352,2752,1056
1435,695064344191721472,1547,568
1436,695051054296211456,2575,765
1437,694925794720792577,2612,882
1438,694905863685980160,2657,902
1439,694669722378485760,34654,13815
1440,694356675654983680,1456,276
1441,694352839993344000,1970,587
1442,694342028726001664,1535,468
1443,694329668942569472,1934,486
1444,694206574471057408,4023,1962
1445,694183373896572928,2847,894
1446,694001791655137281,3295,986
1447,693993230313091072,1819,388
1448,693942351086120961,1690,353
1449,693647888581312512,2601,562
1450,693644216740769793,1311,119
1451,693642232151285760,2466,397
1452,693629975228977152,2369,767
1453,693622659251335168,1485,359
1454,693590843962331137,4878,1876
1455,693582294167244802,1594,236
1456,693486665285931008,1712,609
1457,693280720173801472,3243,1197
1458,693267061318012928,2303,782
1459,693262851218264065,2140,479
1460,693231807727280129,2781,715
1461,693155686491000832,7637,3092
1462,693109034023534592,1653,585
1463,693095443459342336,1801,438
1464,692919143163629568,2595,729
1465,692905862751522816,2350,844
1466,692901601640583168,1707,580
1467,692894228850999298,2189,762
1468,692828166163931137,2778,859
1469,692752401762250755,6591,3513
1470,692568918515392513,4222,1477
1471,692535307825213440,3053,1307
1472,692530551048294401,1775,397
1473,692423280028966913,1429,219
1474,692417313023332352,9066,3337
1475,692187005137076224,2455,785
1476,692158366030913536,2079,760
1477,692142790915014657,1594,376
1478,692041934689402880,3286,1220
1479,692017291282812928,2797,919
1480,691820333922455552,3834,1595
1481,691793053716221953,7880,4080
1482,691756958957883396,2743,956
1483,691675652215414786,1893,492
1484,691483041324204033,2317,538
1485,691459709405118465,3922,1095
1486,691444869282295808,2555,813
1487,691416866452082688,18712,7343
1488,691321916024623104,2492,636
1489,691096613310316544,2870,850
1490,691090071332753408,1667,321
1491,690989312272396288,5720,2765
1492,690959652130045952,3462,1202
1493,690938899477221376,3964,1878
1494,690932576555528194,3184,980
1495,690735892932222976,3668,1222
1496,690728923253055490,2110,498
1497,690690673629138944,2252,792
1498,690649993829576704,1256,262
1499,690607260360429569,289,17
1500,690597161306841088,1883,582
1501,690400367696297985,1823,433
1502,690374419777196032,3144,811
1503,690360449368465409,2577,846
1504,690348396616552449,1458,494
1505,690248561355657216,1632,399
1506,690021994562220032,2705,987
1507,690015576308211712,2404,709
1508,690005060500217858,3548,1620
1509,689999384604450816,1369,354
1510,689993469801164801,1410,430
1511,689977555533848577,1329,433
1512,689905486972461056,2374,671
1513,689877686181715968,2944,1117
1514,689835978131935233,2100,723
1515,689661964914655233,3127,899
1516,689659372465688576,10030,3699
1517,689623661272240129,2160,621
1518,689599056876867584,11279,5297
1519,689557536375177216,1986,439
1520,689517482558820352,3293,1378
1521,689289219123089408,2187,897
1522,689283819090870273,3157,1060
1523,689280876073582592,1920,681
1524,689275259254616065,1108,235
1525,689255633275777024,2483,1041
1526,689154315265683456,2985,955
1527,689143371370250240,1959,487
1528,688916208532455424,2625,828
1529,688908934925697024,2044,738
1530,688898160958271489,2024,753
1531,688894073864884227,2172,659
1532,688828561667567616,1340,352
1533,688804835492233216,933,183
1534,688789766343622656,2149,638
1535,688547210804498433,2508,673
1536,688519176466644993,2246,702
1537,688385280030670848,8967,4305
1538,688211956440801280,2171,796
1539,688179443353796608,2066,564
1540,688116655151435777,2739,745
1541,688064179421470721,1679,347
1542,687841446767013888,5294,2408
1543,687826841265172480,2664,1082
1544,687818504314159109,2402,920
1545,687807801670897665,2305,691
1546,687732144991551489,1702,641
1547,687704180304273409,2359,811
1548,687664829264453632,1879,490
1549,687494652870668288,1838,555
1550,687480748861947905,1552,230
1551,687476254459715584,1920,515
1552,687460506001633280,1999,525
1553,687399393394311168,1832,597
1554,687317306314240000,19492,8831
1555,687312378585812992,4226,1831
1556,687127927494963200,5251,2187
1557,687124485711986689,2111,489
1558,687109925361856513,5620,2364
1559,687102708889812993,2272,936
1560,687096057537363968,2165,585
1561,686947101016735744,8362,3074
1562,686760001961103360,3408,1335
1563,686749460672679938,3365,1399
1564,686730991906516992,4007,1156
1565,686683045143953408,2734,774
1566,686618349602762752,3578,1311
1567,686606069955735556,1827,525
1568,686394059078897668,1684,667
1569,686386521809772549,3158,852
1570,686377065986265092,2136,548
1571,686358356425093120,2101,639
1572,686286779679375361,3882,1607
1573,686050296934563840,2152,700
1574,686035780142297088,1107,112
1575,686034024800862208,2974,1099
1576,686007916130873345,2405,397
1577,686003207160610816,1771,598
1578,685973236358713344,2028,502
1579,685943807276412928,1574,569
1580,685906723014619143,7241,2754
1581,685681090388975616,1972,118
1582,685667379192414208,2283,544
1583,685663452032069632,3122,1397
1584,685641971164143616,2829,747
1585,685547936038666240,31830,14989
1586,685532292383666176,2932,1109
1587,685325112850124800,9119,3812
1588,685321586178670592,2560,604
1589,685315239903100929,3181,1004
1590,685307451701334016,2010,421
1591,685268753634967552,2995,1156
1592,685198997565345792,2261,645
1593,685169283572338688,3978,1381
1594,684969860808454144,2313,355
1595,684959798585110529,6585,3013
1596,684940049151070208,3098,999
1597,684926975086034944,3371,446
1598,684914660081053696,3383,1399
1599,684902183876321280,1801,506
1600,684880619965411328,2016,776
1601,684830982659280897,33858,20851
1602,684800227459624960,2634,962
1603,684594889858887680,8595,3368
1604,684588130326986752,3974,1356
1605,684567543613382656,2906,1165
1606,684538444857667585,2563,912
1607,684481074559381504,3749,1127
1608,684460069371654144,1912,539
1609,684241637099323392,7848,3144
1610,684225744407494656,1200,197
1611,684222868335505415,3712,1308
1612,684200372118904832,2083,999
1613,684195085588783105,1845,488
1614,684188786104872960,3382,1121
1615,684177701129875456,1954,635
1616,684147889187209216,2896,1464
1617,684122891630342144,1940,451
1618,684097758874210310,3973,1382
1619,683857920510050305,3682,1076
1620,683852578183077888,1878,332
1621,683849932751646720,2529,916
1622,683834909291606017,2537,1076
1623,683828599284170753,2701,1016
1624,683773439333797890,3233,1293
1625,683742671509258241,6250,3181
1626,683515932363329536,7084,2775
1627,683498322573824003,3068,932
1628,683481228088049664,2582,963
1629,683462770029932544,2343,647
1630,683449695444799489,3749,1552
1631,683391852557561860,7387,2308
1632,683357973142474752,2795,878
1633,683142553609318400,2769,1000
1634,683111407806746624,3288,876
1635,683098815881154561,2101,629
1636,683078886620553216,1931,545
1637,683030066213818368,2095,717
1638,682962037429899265,35496,15776
1639,682808988178739200,1721,161
1640,682788441537560576,2396,1066
1641,682750546109968385,1469,419
1642,682697186228989953,1271,349
1643,682662431982772225,2948,1034
1644,682638830361513985,1997,567
1645,682429480204398592,3322,1107
1646,682406705142087680,7301,1684
1647,682393905736888321,2162,637
1648,682389078323662849,1607,449
1649,682303737705140231,2953,934
1650,682259524040966145,3988,1145
1651,682242692827447297,3116,1103
1652,682088079302213632,17581,9450
1653,682059653698686977,4769,1605
1654,682047327939461121,3082,900
1655,682032003584274432,6352,1906
1656,682003177596559360,3009,1454
1657,681981167097122816,2710,996
1658,681891461017812993,2390,781
1659,681694085539872773,12371,3896
1660,681679526984871937,1707,423
1661,681654059175129088,2543,875
1662,681610798867845120,1829,446
1663,681579835668455424,3426,1250
1664,681523177663676416,13789,5517
1665,681340665377193984,1590,263
1666,681339448655802368,8996,3925
1667,681320187870711809,2551,709
1668,681302363064414209,3791,1742
1669,681297372102656000,3098,912
1670,681281657291280384,3126,1053
1671,681261549936340994,1406,256
1672,681242418453299201,1433,506
1673,681231109724700672,2326,465
1674,681193455364796417,3565,1413
1675,680970795137544192,2332,627
1676,680959110691590145,4433,1926
1677,680940246314430465,3073,995
1678,680934982542561280,2018,417
1679,680913438424612864,2328,593
1680,680889648562991104,1700,353
1681,680836378243002368,3327,1264
1682,680805554198020098,2074,640
1683,680801747103793152,2295,784
1684,680798457301471234,2747,991
1685,680609293079592961,2533,667
1686,680583894916304897,3497,1272
1687,680497766108381184,4091,1825
1688,680494726643068929,1663,467
1689,680473011644985345,2459,722
1690,680440374763077632,1405,481
1691,680221482581123072,1424,282
1692,680206703334408192,2729,1111
1693,680191257256136705,2071,477
1694,680176173301628928,3752,1477
1695,680161097740095489,2245,704
1696,680145970311643136,3479,1675
1697,680130881361686529,2216,899
1698,680115823365742593,2629,866
1699,680100725817409536,3465,1313
1700,680085611152338944,12363,8620
1701,680070545539371008,2491,821
1702,679877062409191424,1912,622
1703,679872969355714560,2124,642
1704,679862121895714818,2375,591
1705,679854723806179328,2751,1171
1706,679844490799091713,2284,727
1707,679828447187857408,34874,13402
1708,679777920601223168,3003,1048
1709,679736210798047232,2011,755
1710,679729593985699840,2082,794
1711,679722016581222400,1602,451
1712,679530280114372609,4592,1990
1713,679527802031484928,2540,690
1714,679511351870550016,3237,1209
1715,679503373272485890,3050,1402
1716,679475951516934144,2012,614
1717,679462823135686656,30317,17927
1718,679405845277462528,2278,1147
1719,679158373988876288,20431,7676
1720,679148763231985668,2677,980
1721,679132435750195208,2857,1109
1722,679111216690831360,5724,2471
1723,679062614270468097,16271,7669
1724,679047485189439488,2155,631
1725,679001094530465792,2728,1165
1726,678991772295516161,2187,1098
1727,678969228704284672,1566,433
1728,678800283649069056,2466,857
1729,678798276842360832,3317,1098
1730,678774928607469569,2694,861
1731,678767140346941444,3387,1295
1732,678764513869611008,1564,445
1733,678755239630127104,6785,3114
1734,678740035362037760,3583,1577
1735,678708137298427904,5368,2311
1736,678675843183484930,2733,1393
1737,678643457146150913,1965,384
1738,678446151570427904,3841,1457
1739,678424312106393600,5234,2422
1740,678410210315247616,4026,1714
1741,678399652199309312,76834,30273
1742,678396796259975168,1528,395
1743,678389028614488064,1786,401
1744,678380236862578688,2326,862
1745,678341075375947776,1651,508
1746,678334497360859136,1241,237
1747,678278586130948096,10932,5801
1748,678255464182861824,1516,348
1749,678023323247357953,1823,358
1750,678021115718029313,13014,6000
1751,677961670166224897,3270,1603
1752,677918531514703872,1281,387
1753,677895101218201600,4594,1963
1754,677716515794329600,2904,930
1755,677700003327029250,3241,1370
1756,677698403548192770,1179,304
1757,677687604918272002,2388,800
1758,677673981332312066,3174,1424
1759,677662372920729601,1863,896
1760,677644091929329666,1775,766
1761,677573743309385728,2041,663
1762,677565715327688705,1245,437
1763,677557565589463040,2345,1097
1764,677547928504967168,6622,3493
1765,677530072887205888,1019,217
1766,677335745548390400,2902,1664
1767,677334615166730240,1279,269
1768,677331501395156992,1036,223
1769,677328882937298944,3495,1430
1770,677314812125323265,1575,506
1771,677301033169788928,1175,382
1772,677269281705472000,1884,673
1773,677228873407442944,3391,1557
1774,677187300187611136,2605,866
1775,676975532580409345,2645,1016
1776,676957860086095872,2136,769
1777,676949632774234114,1242,375
1778,676948236477857792,2053,815
1779,676946864479084545,1653,345
1780,676942428000112642,1969,706
1781,676936541936185344,12145,4695
1782,676916996760600576,2828,1717
1783,676897532954456065,2141,689
1784,676864501615042560,1988,666
1785,676821958043033607,21806,14692
1786,676819651066732545,1733,630
1787,676811746707918848,1359,406
1788,676776431406465024,4761,1920
1789,676617503762681856,2737,903
1790,676613908052996102,1032,190
1791,676606785097199616,1808,411
1792,676603393314578432,1105,360
1793,676593408224403456,4352,2034
1794,676590572941893632,872,116
1795,676588346097852417,2196,738
1796,676582956622721024,1130,260
1797,676575501977128964,2444,1057
1798,676533798876651520,1785,521
1799,676496375194980353,1448,503
1800,676470639084101634,11064,4427
1801,676440007570247681,1641,621
1802,676430933382295552,1331,320
1803,676263575653122048,1990,510
1804,676237365392908289,1146,267
1805,676219687039057920,72794,29302
1806,676215927814406144,1644,544
1807,676191832485810177,2159,975
1808,676146341966438401,1825,629
1809,676121918416756736,2058,1099
1810,676101918813499392,2691,1109
1811,676098748976615425,2836,1331
1812,676089483918516224,1245,415
1813,675898130735476737,1528,537
1814,675891555769696257,2017,809
1815,675888385639251968,2253,898
1816,675878199931371520,3955,1314
1817,675870721063669760,1548,531
1818,675853064436391936,2544,1204
1819,675849018447167488,901,133
1820,675845657354215424,2150,823
1821,675822767435051008,1437,509
1822,675820929667219457,992,224
1823,675798442703122432,9709,3225
1824,675781562965868544,1537,441
1825,675740360753160193,1112,319
1826,675710890956750848,1783,767
1827,675707330206547968,1874,640
1828,675706639471788032,616,88
1829,675534494439489536,1742,384
1830,675531475945709568,1117,358
1831,675522403582218240,982,271
1832,675517828909424640,1223,437
1833,675501075957489664,16265,5502
1834,675497103322386432,2970,1211
1835,675489971617296384,1217,559
1836,675483430902214656,1744,915
1837,675432746517426176,1439,536
1838,675372240448454658,1597,488
1839,675362609739206656,999,212
1840,675354435921575936,30724,15715
1841,675349384339542016,3715,2130
1842,675334060156301312,2613,1207
1843,675166823650848770,3347,1479
1844,675153376133427200,5891,2407
1845,675149409102012420,3525,1586
1846,675147105808306176,890,218
1847,675146535592706048,1113,276
1848,675145476954566656,2020,838
1849,675135153782571009,1225,442
1850,675113801096802304,1834,735
1851,675111688094527488,901,232
1852,675109292475830276,2642,1053
1853,675047298674663426,994,298
1854,675015141583413248,2540,1105
1855,675006312288268288,920,209
1856,675003128568291329,1470,432
1857,674999807681908736,2115,1032
1858,674805413498527744,804,334
1859,674800520222154752,2843,796
1860,674793399141146624,2362,1018
1861,674790488185167872,1035,233
1862,674788554665512960,760,194
1863,674781762103414784,1889,1113
1864,674774481756377088,1036,437
1865,674767892831932416,1710,729
1866,674764817387900928,746,218
1867,674754018082705410,1285,411
1868,674752233200820224,1372,429
1869,674743008475090944,1312,506
1870,674742531037511680,454,49
1871,674739953134403584,1030,359
1872,674737130913071104,608,81
1873,674690135443775488,1079,439
1874,674670581682434048,1517,606
1875,674664755118911488,861,227
1876,674646392044941312,1354,455
1877,674644256330530816,976,254
1878,674638615994089473,1587,545
1879,674632714662858753,1411,537
1880,674606911342424069,881,93
1881,674468880899788800,5871,1889
1882,674447403907457024,1004,335
1883,674436901579923456,1042,363
1884,674422304705744896,1347,500
1885,674416750885273600,652,128
1886,674410619106390016,1136,429
1887,674394782723014656,1421,529
1888,674372068062928900,805,297
1889,674330906434379776,536,71
1890,674318007229923329,1331,483
1891,674307341513269249,10695,6462
1892,674291837063053312,13799,5451
1893,674271431610523648,1464,681
1894,674269164442398721,859,213
1895,674265582246694913,1533,783
1896,674262580978937856,1239,421
1897,674255168825880576,1374,505
1898,674082852460433408,718,153
1899,674075285688614912,936,262
1900,674063288070742018,5983,2026
1901,674053186244734976,3097,1201
1902,674051556661161984,1368,458
1903,674045139690631169,1325,596
1904,674042553264685056,681,118
1905,674038233588723717,1036,394
1906,674036086168010753,805,191
1907,674024893172875264,1672,1142
1908,674019345211760640,1064,285
1909,674014384960745472,1466,596
1910,674008982932058114,1129,330
1911,673956914389192708,1841,892
1912,673919437611909120,1104,348
1913,673906403526995968,2977,1528
1914,673887867907739649,884,238
1915,673716320723169284,2903,701
1916,673715861853720576,3312,1916
1917,673711475735838725,982,278
1918,673709992831262724,791,246
1919,673708611235921920,1009,267
1920,673707060090052608,1037,362
1921,673705679337693185,1186,379
1922,673700254269775872,1339,528
1923,673697980713705472,3714,1812
1924,673689733134946305,1636,603
1925,673688752737402881,1184,459
1926,673686845050527744,1348,403
1927,673680198160809984,1285,434
1928,673662677122719744,1180,344
1929,673656262056419329,680,219
1930,673636718965334016,1031,336
1931,673612854080196609,1500,670
1932,673583129559498752,1121,333
1933,673580926094458881,780,254
1934,673576835670777856,1297,521
1935,673363615379013632,968,283
1936,673359818736984064,1356,622
1937,673355879178194945,1416,531
1938,673352124999274496,1571,503
1939,673350198937153538,715,195
1940,673345638550134785,2347,1170
1941,673343217010679808,912,250
1942,673342308415348736,1193,530
1943,673320132811366400,12587,7262
1944,673317986296586240,827,233
1945,673295268553605120,7040,2929
1946,673270968295534593,1009,335
1947,673240798075449344,1338,660
1948,673213039743795200,2088,776
1949,673148804208660480,1591,582
1950,672997845381865473,1853,664
1951,672995267319328768,886,269
1952,672988786805112832,917,267
1953,672984142909456390,1184,507
1954,672980819271634944,1705,938
1955,672975131468300288,1567,833
1956,672970152493887488,882,329
1957,672968025906282496,1246,499
1958,672964561327235073,1330,596
1959,672902681409806336,1282,460
1960,672898206762672129,848,391
1961,672884426393653248,1441,782
1962,672877615439593473,968,327
1963,672834301050937345,1228,529
1964,672828477930868736,1169,454
1965,672640509974827008,920,292
1966,672622327801233409,1208,449
1967,672614745925664768,1144,540
1968,672609152938721280,1034,360
1969,672604026190569472,1035,367
1970,672594978741354496,1247,570
1971,672591762242805761,895,308
1972,672591271085670400,674,174
1973,672538107540070400,956,337
1974,672523490734551040,587,152
1975,672488522314567680,1042,401
1976,672482722825261057,1058,550
1977,672481316919734272,673,120
1978,672475084225949696,1361,649
1979,672466075045466113,1268,488
1980,672272411274932228,6017,3107
1981,672267570918129665,1388,567
1982,672264251789176834,1058,309
1983,672256522047614977,2637,1415
1984,672254177670729728,1340,688
1985,672248013293752320,1624,556
1986,672245253877968896,637,143
1987,672239279297454080,840,300
1988,672231046314901505,1703,933
1989,672222792075620352,737,193
1990,672205392827572224,2105,1059
1991,672169685991993344,958,340
1992,672160042234327040,824,331
1993,672139350159835138,1627,644
1994,672125275208069120,2236,1059
1995,672095186491711488,930,339
1996,672082170312290304,883,339
1997,672068090318987265,1206,471
1998,671896809300709376,7958,3874
1999,671891728106971137,1231,521
2000,671882082306625538,3258,1284
2001,671879137494245376,1320,612
2002,671874878652489728,1181,513
2003,671866342182637568,1056,451
2004,671855973984772097,844,400
2005,671789708968640512,6611,3201
2006,671768281401958400,1123,458
2007,671763349865160704,1562,834
2008,671744970634719232,1267,710
2009,671743150407421952,705,221
2010,671735591348891648,1351,698
2011,671729906628341761,7950,4005
2012,671561002136281088,11957,6690
2013,671550332464455680,848,194
2014,671547767500775424,1260,544
2015,671544874165002241,1831,960
2016,671542985629241344,1021,521
2017,671538301157904385,872,355
2018,671536543010570240,1105,372
2019,671533943490011136,955,534
2020,671528761649688577,784,239
2021,671520732782923777,1305,490
2022,671518598289059840,886,272
2023,671511350426865664,1487,648
2024,671504605491109889,6515,3303
2025,671497587707535361,864,417
2026,671488513339211776,938,441
2027,671486386088865792,541,182
2028,671485057807351808,715,215
2029,671390180817915904,1345,689
2030,671362598324076544,1036,274
2031,671357843010908160,373,144
2032,671355857343524864,453,112
2033,671347597085433856,883,392
2034,671186162933985280,680,191
2035,671182547775299584,1040,310
2036,671166507850801152,815,313
2037,671163268581498880,1532,1018
2038,671159727754231808,337,74
2039,671154572044468225,663,205
2040,671151324042559489,621,138
2041,671147085991960577,619,200
2042,671141549288370177,1081,604
2043,671138694582165504,861,370
2044,671134062904504320,693,175
2045,671122204919246848,3236,2317
2046,671115716440031232,1275,719
2047,671109016219725825,1067,401
2048,670995969505435648,1033,265
2049,670842764863651840,23067,8015
2050,670840546554966016,546,180
2051,670838202509447168,1037,640
2052,670833812859932673,407,113
2053,670832455012716544,680,199
2054,670826280409919488,5139,3748
2055,670823764196741120,726,172
2056,670822709593571328,564,89
2057,670815497391357952,2954,1414
2058,670811965569282048,1055,247
2059,670807719151067136,1083,452
2060,670804601705242624,1833,883
2061,670803562457407488,320,83
2062,670797304698376195,691,215
2063,670792680469889025,775,254
2064,670789397210615808,616,222
2065,670786190031921152,558,182
2066,670783437142401025,777,352
2067,670782429121134593,1428,708
2068,670780561024270336,740,266
2069,670778058496974848,311,68
2070,670764103623966721,1013,389
2071,670755717859713024,408,98
2072,670733412878163972,898,472
2073,670727704916926465,780,329
2074,670717338665226240,1112,443
2075,670704688707301377,727,344
2076,670691627984359425,551,222
2077,670679630144274432,704,258
2078,670676092097810432,230,37
2079,670668383499735048,9968,4599
2080,670474236058800128,1412,684
2081,670468609693655041,336,82
2082,670465786746662913,911,504
2083,670452855871037440,512,189
2084,670449342516494336,1127,598
2085,670444955656130560,6301,1834
2086,670442337873600512,605,186
2087,670435821946826752,990,476
2088,670434127938719744,1324,597
2089,670433248821026816,311,103
2090,670428280563085312,1298,570
2091,670427002554466305,489,148
2092,670421925039075328,1224,584
2093,670420569653809152,577,290
2094,670417414769758208,534,302
2095,670411370698022913,1883,823
2096,670408998013820928,520,202
2097,670403879788544000,401,141
2098,670385711116361728,526,189
2099,670374371102445568,701,248
2100,670361874861563904,310,60
2101,670338931251150849,401,101
2102,670319130621435904,3633,1128
2103,670303360680108032,408,121
2104,670290420111441920,652,263
2105,670093938074779648,962,306
2106,670086499208155136,657,231
2107,670079681849372674,2068,1127
2108,670073503555706880,1458,726
2109,670069087419133954,579,219
2110,670061506722140161,705,307
2111,670055038660800512,621,298
2112,670046952931721218,604,158
2113,670040295598354432,705,103
2114,670037189829525505,554,254
2115,670003130994700288,310,84
2116,669993076832759809,302,75
2117,669972011175813120,412,141
2118,669970042633789440,283,51
2119,669942763794931712,468,144
2120,669926384437997569,353,89
2121,669923323644657664,219,53
2122,669753178989142016,748,367
2123,669749430875258880,242,61
2124,669684865554620416,477,82
2125,669683899023405056,354,101
2126,669682095984410625,330,125
2127,669680153564442624,627,266
2128,669661792646373376,755,394
2129,669625907762618368,3282,1670
2130,669603084620980224,891,336
2131,669597912108789760,478,140
2132,669583744538451968,1390,854
2133,669573570759163904,406,128
2134,669571471778410496,1482,938
2135,669567591774625800,219,48
2136,669564461267722241,365,112
2137,669393256313184256,336,68
2138,669375718304980992,1237,670
2139,669371483794317312,460,165
2140,669367896104181761,426,140
2141,669363888236994561,583,210
2142,669359674819481600,347,111
2143,669354382627049472,2520,1176
2144,669353438988365824,584,241
2145,669351434509529089,402,167
2146,669328503091937280,945,384
2147,669327207240699904,536,113
2148,669324657376567296,459,192
2149,669216679721873412,1108,374
2150,669214165781868544,405,149
2151,669203728096960512,935,433
2152,669037058363662336,609,287
2153,669015743032369152,693,346
2154,669006782128353280,541,225
2155,669000397445533696,19502,5859
2156,668994913074286592,410,207
2157,668992363537309700,693,313
2158,668989615043424256,627,305
2159,668988183816871936,842,426
2160,668986018524233728,512,151
2161,668981893510119424,501,277
2162,668979806671884288,739,321
2163,668975677807423489,1214,536
2164,668967877119254528,135,21
2165,668960084974809088,657,224
2166,668955713004314625,255,65
2167,668932921458302977,241,52
2168,668902994700836864,297,92
2169,668892474547511297,373,136
2170,668872652652679168,493,279
2171,668852170888998912,422,147
2172,668826086256599040,401,124
2173,668815180734689280,516,239
2174,668779399630725120,668,343
2175,668655139528511488,488,201
2176,668645506898350081,809,488
2177,668643542311546881,813,477
2178,668641109086707712,988,496
2179,668636665813057536,965,457
2180,668633411083464705,2596,1469
2181,668631377374486528,657,293
2182,668627278264475648,288,100
2183,668625577880875008,351,119
2184,668623201287675904,1317,688
2185,668620235289837568,184,37
2186,668614819948453888,575,294
2187,668587383441514497,1557,984
2188,668567822092664832,221,49
2189,668544745690562560,477,211
2190,668542336805281792,422,194
2191,668537837512433665,235,65
2192,668528771708952576,434,204
2193,668507509523615744,302,95
2194,668496999348633600,379,120
2195,668484198282485761,392,216
2196,668480044826800133,424,132
2197,668466899341221888,823,468
2198,668297328638447616,583,273
2199,668291999406125056,227,29
2200,668286279830867968,470,126
2201,668274247790391296,766,214
2202,668268907921326080,513,214
2203,668256321989451776,1206,547
2204,668248472370458624,884,435
2205,668237644992782336,5748,2606
2206,668226093875376128,271,93
2207,668221241640230912,481,182
2208,668204964695683073,522,182
2209,668190681446379520,603,185
2210,668171859951755264,453,174
2211,668154635664932864,462,286
2212,668142349051129856,542,258
2213,668113020489474048,620,217
2214,667937095915278337,1155,734
2215,667924896115245057,275,98
2216,667915453470232577,196,51
2217,667911425562669056,453,266
2218,667902449697558528,801,350
2219,667886921285246976,1738,981
2220,667885044254572545,767,430
2221,667878741721415682,371,108
2222,667873844930215936,582,373
2223,667866724293877760,2834,952
2224,667861340749471744,230,74
2225,667832474953625600,271,56
2226,667806454573760512,980,449
2227,667801013445750784,302,87
2228,667793409583771648,648,307
2229,667782464991965184,384,227
2230,667773195014021121,215,48
2231,667766675769573376,407,200
2232,667728196545200128,349,141
2233,667724302356258817,445,291
2234,667550904950915073,0,31
2235,667550882905632768,0,27
2236,667549055577362432,5348,2070
2237,667546741521195010,315,115
2238,667544320556335104,798,487
2239,667538891197542400,191,60
2240,667534815156183040,760,483
2241,667530908589760512,432,219
2242,667524857454854144,1579,1034
2243,667517642048163840,344,177
2244,667509364010450944,6325,1961
2245,667502640335572993,505,200
2246,667495797102141441,486,244
2247,667491009379606528,483,206
2248,667470559035432960,234,89
2249,667455448082227200,178,56
2250,667453023279554560,292,80
2251,667443425659232256,721,532
2252,667437278097252352,416,214
2253,667435689202614272,286,79
2254,667405339315146752,432,206
2255,667393430834667520,178,51
2256,667369227918143488,338,151
2257,667211855547486208,448,220
2258,667200525029539841,572,239
2259,667192066997374976,354,89
2260,667188689915760640,686,363
2261,667182792070062081,13228,5619
2262,667177989038297088,178,50
2263,667176164155375616,567,417
2264,667174963120574464,229,71
2265,667171260800061440,203,77
2266,667165590075940865,2488,1029
2267,667160273090932737,235,55
2268,667152164079423490,44192,15409
2269,667138269671505920,4225,1995
2270,667119796878725120,308,120
2271,667090893657276420,310,115
2272,667073648344346624,372,109
2273,667070482143944705,76,13
2274,667065535570550784,155,41
2275,667062181243039745,203,47
2276,667044094246576128,174,44
2277,667012601033924608,419,201
2278,666996132027977728,224,81
2279,666983947667116034,2359,893
2280,666837028449972224,749,505
2281,666835007768551424,195,72
2282,666826780179869698,237,83
2283,666817836334096384,472,230
2284,666804364988780544,217,84
2285,666786068205871104,691,439
2286,666781792255496192,356,175
2287,666776908487630848,320,155
2288,666739327293083650,218,60
2289,666701168228331520,394,195
2290,666691418707132416,171,44
2291,666649482315059201,1031,567
2292,666644823164719104,218,73
2293,666454714377183233,472,195
2294,666447344410484738,94,18
2295,666437273139982337,110,42
2296,666435652385423360,148,45
2297,666430724426358785,289,172
2298,666428276349472768,149,73
2299,666421158376562688,291,100
2300,666418789513326592,110,41
2301,666411507551481857,394,285
2302,666407126856765440,98,31
2303,666396247373291520,155,73
2304,666373753744588802,169,78
2305,666362758909284353,696,501
2306,666353288456101888,194,64
2307,666345417576210432,266,128
2308,666337882303524864,174,81
2309,666293911632134144,449,309
2310,666287406224695296,131,57
2311,666273097616637952,157,70
2312,666268910803644416,94,32
2313,666104133288665088,13224,5770
2314,666102155909144576,69,11
2315,666099513787052032,140,57
2316,666094000022159362,152,66
2317,666082916733198337,100,41
2318,666073100786774016,282,141
2319,666071193221509120,133,52
2320,666063827256086533,434,190
2321,666058600524156928,103,51
2322,666057090499244032,263,119
2323,666055525042405380,399,213
2324,666051853826850816,1093,745
2325,666050758794694657,119,51
2326,666049248165822465,94,39
2327,666044226329800704,262,123
2328,666033412701032449,107,39
2329,666029285002620928,118,41
2330,666020888022790149,2338,445
